STATION,DATE,LATITUDE,LONGITUDE,ELEVATION,NAME,PRCP_MM,TMAX_10THC,TMIN_10THC,AWND_MTRSPERSEC,CASUAL,REGISTERED ,TTLCNT
USW00003978,1/1/2021,36.35,-94.21667,395,"BENTONVILLE MUNICIPAL AIRPORT, AR US",152,33,-5,39,331,654,985
USW00003978,1/2/2021,36.35,-94.21667,395,"BENTONVILLE MUNICIPAL AIRPORT, AR US",0,11,-10,20,131,670,801
USW00003978,1/3/2021,36.35,-94.21667,395,"BENTONVILLE MUNICIPAL AIRPORT, AR US",0,133,-32,21,120,1229,1349
USW00003978,1/4/2021,36.35,-94.21667,395,"BENTONVILLE MUNICIPAL AIRPORT, AR US",0,122,-27,22,108,1454,1562
USW00003978,1/5/2021,36.35,-94.21667,395,"BENTONVILLE MUNICIPAL AIRPORT, AR US",0,144,-38,24,82,1518,1600
USW00003978,1/6/2021,36.35,-94.21667,395,"BENTONVILLE MUNICIPAL AIRPORT, AR US",147,61,22,46,88,1518,1606
USW00003978,1/7/2021,36.35,-94.21667,395,"BENTONVILLE MUNICIPAL AIRPORT, AR US",61,33,0,42,148,1362,1510
USW00003978,1/8/2021,36.35,-94.21667,395,"BENTONVILLE MUNICIPAL AIRPORT, AR US",0,28,-10,35,68,891,959
USW00003978,1/9/2021,36.35,-94.21667,395,"BENTONVILLE MUNICIPAL AIRPORT, AR US",0,33,-66,21,54,768,822
USW00003978,1/10/2021,36.35,-94.21667,395,"BENTONVILLE MUNICIPAL AIRPORT, AR US",0,17,-60,21,41,1280,1321
USW00003978,1/11/2021,36.35,-94.21667,395,"BENTONVILLE MUNICIPAL AIRPORT, AR US",0,22,-55,19,43,1220,1263
USW00003978,1/12/2021,36.35,-94.21667,395,"BENTONVILLE MUNICIPAL AIRPORT, AR US",0,89,-60,24,25,1137,1162
USW00003978,1/13/2021,36.35,-94.21667,395,"BENTONVILLE MUNICIPAL AIRPORT, AR US",0,111,-43,36,38,1368,1406
USW00003978,1/14/2021,36.35,-94.21667,395,"BENTONVILLE MUNICIPAL AIRPORT, AR US",0,100,11,52,54,1367,1421
USW00003978,1/15/2021,36.35,-94.21667,395,"BENTONVILLE MUNICIPAL AIRPORT, AR US",0,33,-5,68,222,1026,1248
USW00003978,1/16/2021,36.35,-94.21667,395,"BENTONVILLE MUNICIPAL AIRPORT, AR US",0,56,-10,31,251,953,1204
USW00003978,1/17/2021,36.35,-94.21667,395,"BENTONVILLE MUNICIPAL AIRPORT, AR US",0,83,-38,31,117,883,1000
USW00003978,1/18/2021,36.35,-94.21667,395,"BENTONVILLE MUNICIPAL AIRPORT, AR US",0,122,-16,29,9,674,683
USW00003978,1/19/2021,36.35,-94.21667,395,"BENTONVILLE MUNICIPAL AIRPORT, AR US",0,83,-16,22,78,1572,1650
USW00003978,1/20/2021,36.35,-94.21667,395,"BENTONVILLE MUNICIPAL AIRPORT, AR US",3,89,-32,36,83,1844,1927
USW00003978,1/21/2021,36.35,-94.21667,395,"BENTONVILLE MUNICIPAL AIRPORT, AR US",0,117,33,13,75,1468,1543
USW00003978,1/22/2021,36.35,-94.21667,395,"BENTONVILLE MUNICIPAL AIRPORT, AR US",0,100,11,43,93,888,981
USW00003978,1/23/2021,36.35,-94.21667,395,"BENTONVILLE MUNICIPAL AIRPORT, AR US",5,72,-10,45,150,836,986
USW00003978,1/24/2021,36.35,-94.21667,395,"BENTONVILLE MUNICIPAL AIRPORT, AR US",33,106,39,25,86,1330,1416
USW00003978,1/25/2021,36.35,-94.21667,395,"BENTONVILLE MUNICIPAL AIRPORT, AR US",312,139,50,48,186,1799,1985
USW00003978,1/26/2021,36.35,-94.21667,395,"BENTONVILLE MUNICIPAL AIRPORT, AR US",0,50,0,34,34,472,506
USW00003978,1/27/2021,36.35,-94.21667,395,"BENTONVILLE MUNICIPAL AIRPORT, AR US",3,6,-21,36,15,416,431
USW00003978,1/28/2021,36.35,-94.21667,395,"BENTONVILLE MUNICIPAL AIRPORT, AR US",0,72,-32,30,38,1129,1167
USW00003978,1/30/2021,36.35,-94.21667,395,"BENTONVILLE MUNICIPAL AIRPORT, AR US",28,150,50,55,123,975,1098
USW00003978,1/31/2021,36.35,-94.21667,395,"BENTONVILLE MUNICIPAL AIRPORT, AR US",0,50,6,62,140,956,1096
USW00003978,2/1/2021,36.35,-94.21667,395,"BENTONVILLE MUNICIPAL AIRPORT, AR US",0,72,-21,29,42,1459,1501
USW00003978,2/2/2021,36.35,-94.21667,395,"BENTONVILLE MUNICIPAL AIRPORT, AR US",0,122,-27,15,47,1313,1360
USW00003978,2/4/2021,36.35,-94.21667,395,"BENTONVILLE MUNICIPAL AIRPORT, AR US",0,128,-16,0,72,1454,1526
USW00003978,2/5/2021,36.35,-94.21667,395,"BENTONVILLE MUNICIPAL AIRPORT, AR US",0,106,-43,29,61,1489,1550
USW00003978,2/6/2021,36.35,-94.21667,395,"BENTONVILLE MUNICIPAL AIRPORT, AR US",3,83,-27,32,88,1620,1708
USW00003978,2/7/2021,36.35,-94.21667,395,"BENTONVILLE MUNICIPAL AIRPORT, AR US",0,6,-38,36,100,905,1005
USW00003978,2/8/2021,36.35,-94.21667,395,"BENTONVILLE MUNICIPAL AIRPORT, AR US",0,28,-38,36,354,1269,1623
USW00003978,2/9/2021,36.35,-94.21667,395,"BENTONVILLE MUNICIPAL AIRPORT, AR US",0,-27,-60,40,120,1592,1712
USW00003978,2/11/2021,36.35,-94.21667,395,"BENTONVILLE MUNICIPAL AIRPORT, AR US",0,-66,-82,47,64,1466,1530
USW00003978,2/12/2021,36.35,-94.21667,395,"BENTONVILLE MUNICIPAL AIRPORT, AR US",0,-71,-99,55,53,1552,1605
USW00003978,2/13/2021,36.35,-94.21667,395,"BENTONVILLE MUNICIPAL AIRPORT, AR US",0,-66,-138,53,47,1491,1538
USW00003978,2/14/2021,36.35,-94.21667,395,"BENTONVILLE MUNICIPAL AIRPORT, AR US",0,-132,-171,63,149,1597,1746
USW00003978,2/15/2021,36.35,-94.21667,395,"BENTONVILLE MUNICIPAL AIRPORT, AR US",0,-138,-221,47,288,1184,1472
USW00003978,2/16/2021,36.35,-94.21667,395,"BENTONVILLE MUNICIPAL AIRPORT, AR US",15,-21,-255,17,397,1192,1589
USW00003978,2/17/2021,36.35,-94.21667,395,"BENTONVILLE MUNICIPAL AIRPORT, AR US",8,-16,-99,27,208,1705,1913
USW00003978,2/18/2021,36.35,-94.21667,395,"BENTONVILLE MUNICIPAL AIRPORT, AR US",0,,-149,34,140,1675,1815
USW00003978,2/19/2021,36.35,-94.21667,395,"BENTONVILLE MUNICIPAL AIRPORT, AR US",5,11,-171,12,218,1897,2115
USW00003978,2/20/2021,36.35,-94.21667,395,"BENTONVILLE MUNICIPAL AIRPORT, AR US",0,83,-93,28,259,2216,2475
USW00003978,2/21/2021,36.35,-94.21667,395,"BENTONVILLE MUNICIPAL AIRPORT, AR US",0,72,17,44,579,2348,2927
USW00003978,2/22/2021,36.35,-94.21667,395,"BENTONVILLE MUNICIPAL AIRPORT, AR US",0,144,-43,31,532,1103,1635
USW00003978,2/23/2021,36.35,-94.21667,395,"BENTONVILLE MUNICIPAL AIRPORT, AR US",0,222,17,37,639,1173,1812
USW00003978,2/25/2021,36.35,-94.21667,395,"BENTONVILLE MUNICIPAL AIRPORT, AR US",0,117,-10,0,195,912,1107
USW00003978,2/26/2021,36.35,-94.21667,395,"BENTONVILLE MUNICIPAL AIRPORT, AR US",8,78,33,29,74,1376,1450
USW00003978,2/27/2021,36.35,-94.21667,395,"BENTONVILLE MUNICIPAL AIRPORT, AR US",10,144,11,29,139,1778,1917
USW00003978,2/28/2021,36.35,-94.21667,395,"BENTONVILLE MUNICIPAL AIRPORT, AR US",3,183,50,49,100,1707,1807
USW00003978,3/1/2021,36.35,-94.21667,395,"BENTONVILLE MUNICIPAL AIRPORT, AR US",0,133,-16,28,120,1341,1461
USW00003978,3/2/2021,36.35,-94.21667,395,"BENTONVILLE MUNICIPAL AIRPORT, AR US",0,139,-10,21,424,1545,1969
USW00003978,3/3/2021,36.35,-94.21667,395,"BENTONVILLE MUNICIPAL AIRPORT, AR US",0,189,11,24,694,1708,2402
USW00003978,3/4/2021,36.35,-94.21667,395,"BENTONVILLE MUNICIPAL AIRPORT, AR US",0,217,22,25,81,1365,1446
USW00003978,3/5/2021,36.35,-94.21667,395,"BENTONVILLE MUNICIPAL AIRPORT, AR US",23,139,17,37,137,1714,1851
USW00003978,3/6/2021,36.35,-94.21667,395,"BENTONVILLE MUNICIPAL AIRPORT, AR US",0,156,-27,11,231,1903,2134
USW00003978,3/7/2021,36.35,-94.21667,395,"BENTONVILLE MUNICIPAL AIRPORT, AR US",0,178,17,30,123,1562,1685
USW00003978,3/8/2021,36.35,-94.21667,395,"BENTONVILLE MUNICIPAL AIRPORT, AR US",0,189,44,38,214,1730,1944
USW00003978,3/9/2021,36.35,-94.21667,395,"BENTONVILLE MUNICIPAL AIRPORT, AR US",0,200,111,56,640,1437,2077
USW00003978,3/10/2021,36.35,-94.21667,395,"BENTONVILLE MUNICIPAL AIRPORT, AR US",0,200,156,71,114,491,605
USW00003978,3/11/2021,36.35,-94.21667,395,"BENTONVILLE MUNICIPAL AIRPORT, AR US",13,206,111,45,244,1628,1872
USW00003978,3/12/2021,36.35,-94.21667,395,"BENTONVILLE MUNICIPAL AIRPORT, AR US",122,172,94,38,316,1817,2133
USW00003978,3/13/2021,36.35,-94.21667,395,"BENTONVILLE MUNICIPAL AIRPORT, AR US",208,200,89,46,191,1700,1891
USW00003978,3/14/2021,36.35,-94.21667,395,"BENTONVILLE MUNICIPAL AIRPORT, AR US",5,183,83,46,46,577,623
USW00003978,3/15/2021,36.35,-94.21667,395,"BENTONVILLE MUNICIPAL AIRPORT, AR US",5,194,67,45,247,1730,1977
USW00003978,3/16/2021,36.35,-94.21667,395,"BENTONVILLE MUNICIPAL AIRPORT, AR US",0,239,44,31,724,1408,2132
USW00003978,3/17/2021,36.35,-94.21667,395,"BENTONVILLE MUNICIPAL AIRPORT, AR US",56,228,39,49,982,1435,2417
USW00003978,3/18/2021,36.35,-94.21667,395,"BENTONVILLE MUNICIPAL AIRPORT, AR US",8,56,6,61,359,1687,2046
USW00003978,3/19/2021,36.35,-94.21667,395,"BENTONVILLE MUNICIPAL AIRPORT, AR US",3,156,22,44,289,1767,2056
USW00003978,3/20/2021,36.35,-94.21667,395,"BENTONVILLE MUNICIPAL AIRPORT, AR US",0,167,11,32,321,1871,2192
USW00003978,3/21/2021,36.35,-94.21667,395,"BENTONVILLE MUNICIPAL AIRPORT, AR US",0,200,50,46,424,2320,2744
USW00003978,3/22/2021,36.35,-94.21667,395,"BENTONVILLE MUNICIPAL AIRPORT, AR US",18,167,89,51,884,2355,3239
USW00003978,3/23/2021,36.35,-94.21667,395,"BENTONVILLE MUNICIPAL AIRPORT, AR US",64,139,89,56,1424,1693,3117
USW00003978,3/24/2021,36.35,-94.21667,395,"BENTONVILLE MUNICIPAL AIRPORT, AR US",0,161,44,29,1047,1424,2471
USW00003978,3/25/2021,36.35,-94.21667,395,"BENTONVILLE MUNICIPAL AIRPORT, AR US",208,128,44,28,401,1676,2077
USW00003978,3/26/2021,36.35,-94.21667,395,"BENTONVILLE MUNICIPAL AIRPORT, AR US",0,217,28,29,460,2243,2703
USW00003978,3/27/2021,36.35,-94.21667,395,"BENTONVILLE MUNICIPAL AIRPORT, AR US",8,250,111,48,203,1918,2121
USW00003978,3/28/2021,36.35,-94.21667,395,"BENTONVILLE MUNICIPAL AIRPORT, AR US",0,156,56,38,166,1699,1865
USW00003978,3/29/2021,36.35,-94.21667,395,"BENTONVILLE MUNICIPAL AIRPORT, AR US",0,211,39,51,300,1910,2210
USW00003978,3/30/2021,36.35,-94.21667,395,"BENTONVILLE MUNICIPAL AIRPORT, AR US",0,211,106,60,981,1515,2496
USW00003978,3/31/2021,36.35,-94.21667,395,"BENTONVILLE MUNICIPAL AIRPORT, AR US",0,139,33,47,472,1221,1693
USW00003978,4/1/2021,36.35,-94.21667,395,"BENTONVILLE MUNICIPAL AIRPORT, AR US",0,128,-5,26,222,1806,2028
USW00003978,4/2/2021,36.35,-94.21667,395,"BENTONVILLE MUNICIPAL AIRPORT, AR US",0,183,11,38,317,2108,2425
USW00003978,4/3/2021,36.35,-94.21667,395,"BENTONVILLE MUNICIPAL AIRPORT, AR US",0,200,56,35,168,1368,1536
USW00003978,4/4/2021,36.35,-94.21667,395,"BENTONVILLE MUNICIPAL AIRPORT, AR US",0,228,78,30,179,1506,1685
USW00003978,4/5/2021,36.35,-94.21667,395,"BENTONVILLE MUNICIPAL AIRPORT, AR US",0,239,111,41,307,1920,2227
USW00003978,4/6/2021,36.35,-94.21667,395,"BENTONVILLE MUNICIPAL AIRPORT, AR US",0,233,144,59,898,1354,2252
USW00003978,4/7/2021,36.35,-94.21667,395,"BENTONVILLE MUNICIPAL AIRPORT, AR US",13,200,89,60,1651,1598,3249
USW00003978,4/8/2021,36.35,-94.21667,395,"BENTONVILLE MUNICIPAL AIRPORT, AR US",0,217,78,54,734,2381,3115
USW00003978,4/9/2021,36.35,-94.21667,395,"BENTONVILLE MUNICIPAL AIRPORT, AR US",13,261,122,38,167,1628,1795
USW00003978,4/10/2021,36.35,-94.21667,395,"BENTONVILLE MUNICIPAL AIRPORT, AR US",5,150,61,47,413,2395,2808
USW00003978,4/11/2021,36.35,-94.21667,395,"BENTONVILLE MUNICIPAL AIRPORT, AR US",0,244,39,30,571,2570,3141
USW00003978,4/12/2021,36.35,-94.21667,395,"BENTONVILLE MUNICIPAL AIRPORT, AR US",3,217,106,44,172,1299,1471
USW00003978,4/13/2021,36.35,-94.21667,395,"BENTONVILLE MUNICIPAL AIRPORT, AR US",13,183,83,49,879,1576,2455
USW00003978,4/14/2021,36.35,-94.21667,395,"BENTONVILLE MUNICIPAL AIRPORT, AR US",28,178,78,38,1188,1707,2895
USW00003978,4/15/2021,36.35,-94.21667,395,"BENTONVILLE MUNICIPAL AIRPORT, AR US",0,161,67,30,855,2493,3348
USW00003978,4/16/2021,36.35,-94.21667,395,"BENTONVILLE MUNICIPAL AIRPORT, AR US",25,117,83,22,257,1777,2034
USW00003978,4/17/2021,36.35,-94.21667,395,"BENTONVILLE MUNICIPAL AIRPORT, AR US",10,106,56,28,209,1953,2162
USW00003978,4/18/2021,36.35,-94.21667,395,"BENTONVILLE MUNICIPAL AIRPORT, AR US",3,150,44,26,529,2738,3267
USW00003978,4/19/2021,36.35,-94.21667,395,"BENTONVILLE MUNICIPAL AIRPORT, AR US",0,206,28,27,642,2484,3126
USW00003978,4/20/2021,36.35,-94.21667,395,"BENTONVILLE MUNICIPAL AIRPORT, AR US",0,100,-16,38,121,674,795
USW00003978,4/21/2021,36.35,-94.21667,395,"BENTONVILLE MUNICIPAL AIRPORT, AR US",0,122,-32,29,1558,2186,3744
USW00003978,4/24/2021,36.35,-94.21667,395,"BENTONVILLE MUNICIPAL AIRPORT, AR US",0,183,83,33,669,2760,3429
USW00003978,4/25/2021,36.35,-94.21667,395,"BENTONVILLE MUNICIPAL AIRPORT, AR US",0,239,61,40,409,2795,3204
USW00003978,4/26/2021,36.35,-94.21667,395,"BENTONVILLE MUNICIPAL AIRPORT, AR US",0,283,150,57,613,3331,3944
USW00003978,4/27/2021,36.35,-94.21667,395,"BENTONVILLE MUNICIPAL AIRPORT, AR US",0,233,183,43,745,3444,4189
USW00003978,4/28/2021,36.35,-94.21667,395,"BENTONVILLE MUNICIPAL AIRPORT, AR US",851,217,172,29,177,1506,1683
USW00003978,4/29/2021,36.35,-94.21667,395,"BENTONVILLE MUNICIPAL AIRPORT, AR US",3,228,128,34,1462,2574,4036
USW00003978,4/30/2021,36.35,-94.21667,395,"BENTONVILLE MUNICIPAL AIRPORT, AR US",0,261,89,7,1710,2481,4191
USW00003978,5/1/2021,36.35,-94.21667,395,"BENTONVILLE MUNICIPAL AIRPORT, AR US",0,256,117,31,773,3300,4073
USW00003978,5/2/2021,36.35,-94.21667,395,"BENTONVILLE MUNICIPAL AIRPORT, AR US",0,211,150,31,678,3722,4400
USW00003978,5/3/2021,36.35,-94.21667,395,"BENTONVILLE MUNICIPAL AIRPORT, AR US",0,256,133,30,547,3325,3872
USW00003978,5/4/2021,36.35,-94.21667,395,"BENTONVILLE MUNICIPAL AIRPORT, AR US",84,161,67,36,569,3489,4058
USW00003978,5/5/2021,36.35,-94.21667,395,"BENTONVILLE MUNICIPAL AIRPORT, AR US",0,211,44,13,878,3717,4595
USW00003978,5/6/2021,36.35,-94.21667,395,"BENTONVILLE MUNICIPAL AIRPORT, AR US",0,222,83,32,1965,3347,5312
USW00003978,5/7/2021,36.35,-94.21667,395,"BENTONVILLE MUNICIPAL AIRPORT, AR US",0,167,56,25,1138,2213,3351
USW00003978,5/8/2021,36.35,-94.21667,395,"BENTONVILLE MUNICIPAL AIRPORT, AR US",0,272,133,54,847,3554,4401
USW00003978,5/9/2021,36.35,-94.21667,395,"BENTONVILLE MUNICIPAL AIRPORT, AR US",0,233,100,51,603,3848,4451
USW00003978,5/10/2021,36.35,-94.21667,395,"BENTONVILLE MUNICIPAL AIRPORT, AR US",0,167,89,35,255,2378,2633
USW00003978,5/11/2021,36.35,-94.21667,395,"BENTONVILLE MUNICIPAL AIRPORT, AR US",0,150,78,38,614,3819,4433
USW00003978,5/12/2021,36.35,-94.21667,395,"BENTONVILLE MUNICIPAL AIRPORT, AR US",0,194,89,36,894,3714,4608
USW00003978,5/13/2021,36.35,-94.21667,395,"BENTONVILLE MUNICIPAL AIRPORT, AR US",0,200,106,23,1612,3102,4714
USW00003978,5/14/2021,36.35,-94.21667,395,"BENTONVILLE MUNICIPAL AIRPORT, AR US",0,217,89,32,1401,2932,4333
USW00003978,5/15/2021,36.35,-94.21667,395,"BENTONVILLE MUNICIPAL AIRPORT, AR US",0,222,122,23,664,3698,4362
USW00003978,5/16/2021,36.35,-94.21667,395,"BENTONVILLE MUNICIPAL AIRPORT, AR US",0,244,,33,694,4109,4803
USW00003978,5/17/2021,36.35,-94.21667,395,"BENTONVILLE MUNICIPAL AIRPORT, AR US",0,244,178,30,550,3632,4182
USW00003978,5/18/2021,36.35,-94.21667,395,"BENTONVILLE MUNICIPAL AIRPORT, AR US",0,256,156,36,695,4169,4864
USW00003978,5/19/2021,36.35,-94.21667,395,"BENTONVILLE MUNICIPAL AIRPORT, AR US",15,222,172,43,692,3413,4105
USW00003978,5/20/2021,36.35,-94.21667,395,"BENTONVILLE MUNICIPAL AIRPORT, AR US",15,222,189,44,902,2507,3409
USW00003978,5/21/2021,36.35,-94.21667,395,"BENTONVILLE MUNICIPAL AIRPORT, AR US",208,206,178,46,1582,2971,4553
USW00003978,5/22/2021,36.35,-94.21667,395,"BENTONVILLE MUNICIPAL AIRPORT, AR US",25,261,183,30,773,3185,3958
USW00003978,5/23/2021,36.35,-94.21667,395,"BENTONVILLE MUNICIPAL AIRPORT, AR US",0,283,189,24,678,3445,4123
USW00003978,5/24/2021,36.35,-94.21667,395,"BENTONVILLE MUNICIPAL AIRPORT, AR US",0,256,178,23,536,3319,3855
USW00003978,5/25/2021,36.35,-94.21667,395,"BENTONVILLE MUNICIPAL AIRPORT, AR US",127,228,183,29,735,3840,4575
USW00003978,5/26/2021,36.35,-94.21667,395,"BENTONVILLE MUNICIPAL AIRPORT, AR US",0,283,172,21,909,4008,4917
USW00003978,5/27/2021,36.35,-94.21667,395,"BENTONVILLE MUNICIPAL AIRPORT, AR US",325,278,172,41,2258,3547,5805
USW00003978,5/28/2021,36.35,-94.21667,395,"BENTONVILLE MUNICIPAL AIRPORT, AR US",0,211,106,36,1576,3084,4660
USW00003978,5/29/2021,36.35,-94.21667,395,"BENTONVILLE MUNICIPAL AIRPORT, AR US",0,178,100,41,836,3438,4274
USW00003978,5/30/2021,36.35,-94.21667,395,"BENTONVILLE MUNICIPAL AIRPORT, AR US",0,222,100,25,659,3833,4492
USW00003978,5/31/2021,36.35,-94.21667,395,"BENTONVILLE MUNICIPAL AIRPORT, AR US",91,200,111,27,740,4238,4978
USW00003978,6/1/2021,36.35,-94.21667,395,"BENTONVILLE MUNICIPAL AIRPORT, AR US",183,167,133,34,758,3919,4677
USW00003978,6/2/2021,36.35,-94.21667,395,"BENTONVILLE MUNICIPAL AIRPORT, AR US",0,200,144,19,871,3808,4679
USW00003978,6/3/2021,36.35,-94.21667,395,"BENTONVILLE MUNICIPAL AIRPORT, AR US",0,261,117,10,2001,2757,4758
USW00003978,6/4/2021,36.35,-94.21667,395,"BENTONVILLE MUNICIPAL AIRPORT, AR US",0,283,139,16,2355,2433,4788
USW00003978,6/5/2021,36.35,-94.21667,395,"BENTONVILLE MUNICIPAL AIRPORT, AR US",0,272,156,28,1549,2549,4098
USW00003978,6/6/2021,36.35,-94.21667,395,"BENTONVILLE MUNICIPAL AIRPORT, AR US",231,272,189,26,673,,3982
USW00003978,6/7/2021,36.35,-94.21667,395,"BENTONVILLE MUNICIPAL AIRPORT, AR US",89,244,178,30,513,3461,3974
USW00003978,6/8/2021,36.35,-94.21667,395,"BENTONVILLE MUNICIPAL AIRPORT, AR US",0,300,194,16,736,4232,4968
USW00003978,6/9/2021,36.35,-94.21667,395,"BENTONVILLE MUNICIPAL AIRPORT, AR US",119,322,200,14,898,4414,5312
USW00003978,6/10/2021,36.35,-94.21667,395,"BENTONVILLE MUNICIPAL AIRPORT, AR US",0,328,228,15,1869,3473,5342
USW00003978,6/11/2021,36.35,-94.21667,395,"BENTONVILLE MUNICIPAL AIRPORT, AR US",0,322,222,30,1685,3221,4906
USW00003978,6/12/2021,36.35,-94.21667,395,"BENTONVILLE MUNICIPAL AIRPORT, AR US",0,339,239,27,673,3875,4548
USW00003978,6/13/2021,36.35,-94.21667,395,"BENTONVILLE MUNICIPAL AIRPORT, AR US",0,317,211,30,763,4070,4833
USW00003978,6/14/2021,36.35,-94.21667,395,"BENTONVILLE MUNICIPAL AIRPORT, AR US",0,328,178,14,676,3725,4401
USW00003978,6/15/2021,36.35,-94.21667,395,"BENTONVILLE MUNICIPAL AIRPORT, AR US",0,339,189,12,563,3352,3915
USW00003978,6/16/2021,36.35,-94.21667,395,"BENTONVILLE MUNICIPAL AIRPORT, AR US",0,339,211,15,815,3771,4586
USW00003978,6/17/2021,36.35,-94.21667,395,"BENTONVILLE MUNICIPAL AIRPORT, AR US",0,344,233,21,1729,3237,4966
USW00003978,6/18/2021,36.35,-94.21667,395,"BENTONVILLE MUNICIPAL AIRPORT, AR US",0,339,233,36,1467,2993,4460
USW00003978,6/19/2021,36.35,-94.21667,395,"BENTONVILLE MUNICIPAL AIRPORT, AR US",0,311,211,26,863,4157,5020
USW00003978,6/20/2021,36.35,-94.21667,395,"BENTONVILLE MUNICIPAL AIRPORT, AR US",0,322,211,45,727,4164,4891
USW00003978,6/21/2021,36.35,-94.21667,395,"BENTONVILLE MUNICIPAL AIRPORT, AR US",183,256,150,32,769,4411,5180
USW00003978,6/22/2021,36.35,-94.21667,395,"BENTONVILLE MUNICIPAL AIRPORT, AR US",0,272,128,17,545,3222,3767
USW00003978,6/23/2021,36.35,-94.21667,395,"BENTONVILLE MUNICIPAL AIRPORT, AR US",0,294,150,40,863,3981,4844
USW00003978,6/24/2021,36.35,-94.21667,395,"BENTONVILLE MUNICIPAL AIRPORT, AR US",0,322,228,47,1807,3312,5119
USW00003978,6/25/2021,36.35,-94.21667,395,"BENTONVILLE MUNICIPAL AIRPORT, AR US",0,328,250,46,1639,3105,4744
USW00003978,6/26/2021,36.35,-94.21667,395,"BENTONVILLE MUNICIPAL AIRPORT, AR US",5,283,217,42,699,3311,4010
USW00003978,6/27/2021,36.35,-94.21667,395,"BENTONVILLE MUNICIPAL AIRPORT, AR US",3,289,200,31,774,4061,4835
USW00003978,6/28/2021,36.35,-94.21667,395,"BENTONVILLE MUNICIPAL AIRPORT, AR US",0,294,211,26,661,3846,4507
USW00003978,6/29/2021,36.35,-94.21667,395,"BENTONVILLE MUNICIPAL AIRPORT, AR US",0,311,211,17,746,4044,4790
USW00003978,6/30/2021,36.35,-94.21667,395,"BENTONVILLE MUNICIPAL AIRPORT, AR US",0,294,222,18,969,4022,4991
USW00003978,7/1/2021,36.35,-94.21667,395,"BENTONVILLE MUNICIPAL AIRPORT, AR US",3,267,222,24,1782,3420,5202
USW00003978,7/2/2021,36.35,-94.21667,395,"BENTONVILLE MUNICIPAL AIRPORT, AR US",0,283,194,32,1920,3385,5305
USW00003978,7/3/2021,36.35,-94.21667,395,"BENTONVILLE MUNICIPAL AIRPORT, AR US",0,294,172,14,854,3854,4708
USW00003978,7/4/2021,36.35,-94.21667,395,"BENTONVILLE MUNICIPAL AIRPORT, AR US",0,294,189,19,732,3916,4648
USW00003978,7/5/2021,36.35,-94.21667,395,"BENTONVILLE MUNICIPAL AIRPORT, AR US",0,289,183,22,848,4377,5225
USW00003978,7/6/2021,36.35,-94.21667,395,"BENTONVILLE MUNICIPAL AIRPORT, AR US",0,306,189,16,1027,4488,5515
USW00003978,7/7/2021,36.35,-94.21667,395,"BENTONVILLE MUNICIPAL AIRPORT, AR US",0,322,206,20,1246,4116,5362
USW00003978,7/8/2021,36.35,-94.21667,395,"BENTONVILLE MUNICIPAL AIRPORT, AR US",0,322,217,14,2204,2915,5119
USW00003978,7/9/2021,36.35,-94.21667,395,"BENTONVILLE MUNICIPAL AIRPORT, AR US",0,322,228,34,2282,2367,4649
USW00003978,7/10/2021,36.35,-94.21667,395,"BENTONVILLE MUNICIPAL AIRPORT, AR US",0,294,206,38,3065,2978,6043
USW00003978,7/11/2021,36.35,-94.21667,395,"BENTONVILLE MUNICIPAL AIRPORT, AR US",3,261,189,30,1031,3634,4665
USW00003978,7/12/2021,36.35,-94.21667,395,"BENTONVILLE MUNICIPAL AIRPORT, AR US",0,244,172,18,784,3845,4629
USW00003978,7/13/2021,36.35,-94.21667,395,"BENTONVILLE MUNICIPAL AIRPORT, AR US",0,306,167,23,754,3838,4592
USW00003978,7/14/2021,36.35,-94.21667,395,"BENTONVILLE MUNICIPAL AIRPORT, AR US",0,317,211,38,692,3348,4040
USW00003978,7/15/2021,36.35,-94.21667,395,"BENTONVILLE MUNICIPAL AIRPORT, AR US",0,317,228,42,1988,3348,5336
USW00003978,7/16/2021,36.35,-94.21667,395,"BENTONVILLE MUNICIPAL AIRPORT, AR US",378,283,183,31,1743,3138,4881
USW00003978,7/17/2021,36.35,-94.21667,395,"BENTONVILLE MUNICIPAL AIRPORT, AR US",376,306,206,28,723,3363,4086
USW00003978,7/18/2021,36.35,-94.21667,395,"BENTONVILLE MUNICIPAL AIRPORT, AR US",30,306,206,23,662,3596,4258
USW00003978,7/19/2021,36.35,-94.21667,395,"BENTONVILLE MUNICIPAL AIRPORT, AR US",3,300,206,30,748,3594,4342
USW00003978,7/20/2021,36.35,-94.21667,395,"BENTONVILLE MUNICIPAL AIRPORT, AR US",0,283,189,31,888,4196,5084
USW00003978,7/21/2021,36.35,-94.21667,395,"BENTONVILLE MUNICIPAL AIRPORT, AR US",0,294,183,16,1318,4220,5538
USW00003978,7/22/2021,36.35,-94.21667,395,"BENTONVILLE MUNICIPAL AIRPORT, AR US",0,311,211,20,2418,3505,5923
USW00003978,7/23/2021,36.35,-94.21667,395,"BENTONVILLE MUNICIPAL AIRPORT, AR US",0,322,217,26,2006,3296,5302
USW00003978,7/24/2021,36.35,-94.21667,395,"BENTONVILLE MUNICIPAL AIRPORT, AR US",0,333,233,25,841,3617,4458
USW00003978,7/25/2021,36.35,-94.21667,395,"BENTONVILLE MUNICIPAL AIRPORT, AR US",5,322,233,19,752,3789,4541
USW00003978,7/26/2021,36.35,-94.21667,395,"BENTONVILLE MUNICIPAL AIRPORT, AR US",0,339,233,15,644,3688,4332
USW00003978,7/27/2021,36.35,-94.21667,395,"BENTONVILLE MUNICIPAL AIRPORT, AR US",0,350,239,15,632,3152,3784
USW00003978,7/28/2021,36.35,-94.21667,395,"BENTONVILLE MUNICIPAL AIRPORT, AR US",0,350,233,9,562,2825,3387
USW00003978,7/29/2021,36.35,-94.21667,395,"BENTONVILLE MUNICIPAL AIRPORT, AR US",0,344,233,13,987,2298,3285
USW00003978,7/30/2021,36.35,-94.21667,395,"BENTONVILLE MUNICIPAL AIRPORT, AR US",0,344,217,14,1050,2556,3606
USW00003978,7/31/2021,36.35,-94.21667,395,"BENTONVILLE MUNICIPAL AIRPORT, AR US",0,344,228,30,568,3272,3840
USW00003978,8/1/2021,36.35,-94.21667,395,"BENTONVILLE MUNICIPAL AIRPORT, AR US",8,283,211,30,750,3840,4590
USW00003978,8/2/2021,36.35,-94.21667,395,"BENTONVILLE MUNICIPAL AIRPORT, AR US",0,294,189,31,755,3901,4656
USW00003978,8/3/2021,36.35,-94.21667,395,"BENTONVILLE MUNICIPAL AIRPORT, AR US",0,289,183,25,606,3784,4390
USW00003978,8/4/2021,36.35,-94.21667,395,"BENTONVILLE MUNICIPAL AIRPORT, AR US",0,289,189,21,670,3176,3846
USW00003978,8/5/2021,36.35,-94.21667,395,"BENTONVILLE MUNICIPAL AIRPORT, AR US",0,272,194,22,1559,2916,4475
USW00003978,8/6/2021,36.35,-94.21667,395,"BENTONVILLE MUNICIPAL AIRPORT, AR US",0,300,189,30,1524,2778,4302
USW00003978,8/7/2021,36.35,-94.21667,395,"BENTONVILLE MUNICIPAL AIRPORT, AR US",0,317,200,35,729,3537,4266
USW00003978,8/8/2021,36.35,-94.21667,395,"BENTONVILLE MUNICIPAL AIRPORT, AR US",0,317,233,42,801,4044,4845
USW00003978,8/9/2021,36.35,-94.21667,395,"BENTONVILLE MUNICIPAL AIRPORT, AR US",0,,250,44,467,3107,3574
USW00003978,8/10/2021,36.35,-94.21667,395,"BENTONVILLE MUNICIPAL AIRPORT, AR US",0,339,250,40,799,3777,4576
USW00003978,8/11/2021,36.35,-94.21667,395,"BENTONVILLE MUNICIPAL AIRPORT, AR US",0,344,244,43,1023,3843,4866
USW00003978,8/12/2021,36.35,-94.21667,395,"BENTONVILLE MUNICIPAL AIRPORT, AR US",0,356,239,41,1521,2773,4294
USW00003978,8/13/2021,36.35,-94.21667,395,"BENTONVILLE MUNICIPAL AIRPORT, AR US",485,339,200,28,1298,2487,3785
USW00003978,8/14/2021,36.35,-94.21667,395,"BENTONVILLE MUNICIPAL AIRPORT, AR US",0,294,211,23,846,3480,4326
USW00003978,8/15/2021,36.35,-94.21667,395,"BENTONVILLE MUNICIPAL AIRPORT, AR US",0,300,206,26,907,3695,4602
USW00003978,8/16/2021,36.35,-94.21667,395,"BENTONVILLE MUNICIPAL AIRPORT, AR US",0,306,206,18,884,3896,4780
USW00003978,8/17/2021,36.35,-94.21667,395,"BENTONVILLE MUNICIPAL AIRPORT, AR US",0,283,206,25,812,3980,4792
USW00003978,8/18/2021,36.35,-94.21667,395,"BENTONVILLE MUNICIPAL AIRPORT, AR US",25,283,211,22,1051,3854,4905
USW00003978,8/19/2021,36.35,-94.21667,395,"BENTONVILLE MUNICIPAL AIRPORT, AR US",20,306,217,25,1504,2646,4150
USW00003978,8/20/2021,36.35,-94.21667,395,"BENTONVILLE MUNICIPAL AIRPORT, AR US",0,322,228,35,1338,2482,3820
USW00003978,8/21/2021,36.35,-94.21667,395,"BENTONVILLE MUNICIPAL AIRPORT, AR US",25,294,211,22,775,3563,4338
USW00003978,8/22/2021,36.35,-94.21667,395,"BENTONVILLE MUNICIPAL AIRPORT, AR US",0,339,228,17,721,4004,4725
USW00003978,8/23/2021,36.35,-94.21667,395,"BENTONVILLE MUNICIPAL AIRPORT, AR US",0,344,233,31,668,4026,4694
USW00003978,8/24/2021,36.35,-94.21667,395,"BENTONVILLE MUNICIPAL AIRPORT, AR US",0,344,222,26,639,3166,3805
USW00003978,8/25/2021,36.35,-94.21667,395,"BENTONVILLE MUNICIPAL AIRPORT, AR US",0,350,211,23,797,3356,4153
USW00003978,8/26/2021,36.35,-94.21667,395,"BENTONVILLE MUNICIPAL AIRPORT, AR US",0,344,228,17,1914,3277,5191
USW00003978,8/27/2021,36.35,-94.21667,395,"BENTONVILLE MUNICIPAL AIRPORT, AR US",0,339,222,27,1249,2624,3873
USW00003978,8/28/2021,36.35,-94.21667,395,"BENTONVILLE MUNICIPAL AIRPORT, AR US",0,317,217,28,833,3925,4758
USW00003978,8/29/2021,36.35,-94.21667,395,"BENTONVILLE MUNICIPAL AIRPORT, AR US",0,300,217,24,1281,4614,5895
USW00003978,8/30/2021,36.35,-94.21667,395,"BENTONVILLE MUNICIPAL AIRPORT, AR US",0,317,222,28,949,4181,5130
USW00003978,8/31/2021,36.35,-94.21667,395,"BENTONVILLE MUNICIPAL AIRPORT, AR US",0,328,194,15,435,3107,3542
USW00003978,9/1/2021,36.35,-94.21667,395,"BENTONVILLE MUNICIPAL AIRPORT, AR US",0,333,222,22,768,3893,4661
USW00003978,9/2/2021,36.35,-94.21667,395,"BENTONVILLE MUNICIPAL AIRPORT, AR US",0,328,222,38,226,889,1115
USW00003978,9/3/2021,36.35,-94.21667,395,"BENTONVILLE MUNICIPAL AIRPORT, AR US",0,328,206,33,1415,2919,4334
USW00003978,9/4/2021,36.35,-94.21667,395,"BENTONVILLE MUNICIPAL AIRPORT, AR US",173,339,222,37,729,3905,4634
USW00003978,9/5/2021,36.35,-94.21667,395,"BENTONVILLE MUNICIPAL AIRPORT, AR US",0,289,194,30,775,4429,5204
USW00003978,9/6/2021,36.35,-94.21667,395,"BENTONVILLE MUNICIPAL AIRPORT, AR US",0,317,167,14,688,4370,5058
USW00003978,9/7/2021,36.35,-94.21667,395,"BENTONVILLE MUNICIPAL AIRPORT, AR US",0,317,178,26,783,4332,5115
USW00003978,9/8/2021,36.35,-94.21667,395,"BENTONVILLE MUNICIPAL AIRPORT, AR US",0,289,156,38,875,3852,4727
USW00003978,9/9/2021,36.35,-94.21667,395,"BENTONVILLE MUNICIPAL AIRPORT, AR US",0,306,133,11,1935,2549,4484
USW00003978,9/10/2021,36.35,-94.21667,395,"BENTONVILLE MUNICIPAL AIRPORT, AR US",0,317,178,33,2521,2419,4940
USW00003978,9/11/2021,36.35,-94.21667,395,"BENTONVILLE MUNICIPAL AIRPORT, AR US",0,328,194,34,1236,2115,3351
USW00003978,9/12/2021,36.35,-94.21667,395,"BENTONVILLE MUNICIPAL AIRPORT, AR US",0,306,189,30,204,2506,2710
USW00003978,9/13/2021,36.35,-94.21667,395,"BENTONVILLE MUNICIPAL AIRPORT, AR US",0,328,172,32,118,1878,1996
USW00003978,9/14/2021,36.35,-94.21667,395,"BENTONVILLE MUNICIPAL AIRPORT, AR US",0,317,200,23,153,1689,1842
USW00003978,9/16/2021,36.35,-94.21667,395,"BENTONVILLE MUNICIPAL AIRPORT, AR US",0,317,200,0,417,3127,3544
USW00003978,9/17/2021,36.35,-94.21667,395,"BENTONVILLE MUNICIPAL AIRPORT, AR US",0,317,189,24,1750,3595,5345
USW00003978,9/18/2021,36.35,-94.21667,395,"BENTONVILLE MUNICIPAL AIRPORT, AR US",0,317,183,30,1633,3413,5046
USW00003978,9/19/2021,36.35,-94.21667,395,"BENTONVILLE MUNICIPAL AIRPORT, AR US",0,306,200,27,690,4023,4713
USW00003978,9/20/2021,36.35,-94.21667,395,"BENTONVILLE MUNICIPAL AIRPORT, AR US",427,339,200,43,701,4062,4763
USW00003978,9/21/2021,36.35,-94.21667,395,"BENTONVILLE MUNICIPAL AIRPORT, AR US",307,217,122,40,647,4138,4785
USW00003978,9/22/2021,36.35,-94.21667,395,"BENTONVILLE MUNICIPAL AIRPORT, AR US",0,222,100,27,428,3231,3659
USW00003978,9/23/2021,36.35,-94.21667,395,"BENTONVILLE MUNICIPAL AIRPORT, AR US",0,244,78,12,742,4018,4760
USW00003978,9/24/2021,36.35,-94.21667,395,"BENTONVILLE MUNICIPAL AIRPORT, AR US",0,256,106,24,1434,3077,4511
USW00003978,9/25/2021,36.35,-94.21667,395,"BENTONVILLE MUNICIPAL AIRPORT, AR US",0,267,128,17,1353,2921,4274
USW00003978,9/26/2021,36.35,-94.21667,395,"BENTONVILLE MUNICIPAL AIRPORT, AR US",0,306,128,34,691,3848,4539
USW00003978,9/27/2021,36.35,-94.21667,395,"BENTONVILLE MUNICIPAL AIRPORT, AR US",0,306,178,30,438,3203,3641
USW00003978,9/28/2021,36.35,-94.21667,395,"BENTONVILLE MUNICIPAL AIRPORT, AR US",0,306,156,27,539,3813,4352
USW00003978,9/29/2021,36.35,-94.21667,395,"BENTONVILLE MUNICIPAL AIRPORT, AR US",0,283,194,34,555,4240,4795
USW00003978,9/30/2021,36.35,-94.21667,395,"BENTONVILLE MUNICIPAL AIRPORT, AR US",330,283,189,23,258,2137,2395
USW00003978,10/1/2021,36.35,-94.21667,395,"BENTONVILLE MUNICIPAL AIRPORT, AR US",3,267,178,22,1776,3647,5423
USW00003978,10/2/2021,36.35,-94.21667,395,"BENTONVILLE MUNICIPAL AIRPORT, AR US",170,256,167,23,1544,3466,5010
USW00003978,10/3/2021,36.35,-94.21667,395,"BENTONVILLE MUNICIPAL AIRPORT, AR US",3,239,156,15,684,3946,4630
USW00003978,10/4/2021,36.35,-94.21667,395,"BENTONVILLE MUNICIPAL AIRPORT, AR US",0,256,128,16,477,3643,4120
USW00003978,10/5/2021,36.35,-94.21667,395,"BENTONVILLE MUNICIPAL AIRPORT, AR US",0,250,100,18,480,3427,3907
USW00003978,10/6/2021,36.35,-94.21667,395,"BENTONVILLE MUNICIPAL AIRPORT, AR US",0,228,144,17,653,4186,4839
USW00003978,10/7/2021,36.35,-94.21667,395,"BENTONVILLE MUNICIPAL AIRPORT, AR US",0,261,133,13,830,4372,5202
USW00003978,10/8/2021,36.35,-94.21667,395,"BENTONVILLE MUNICIPAL AIRPORT, AR US",0,317,156,37,480,1949,2429
USW00003978,10/9/2021,36.35,-94.21667,395,"BENTONVILLE MUNICIPAL AIRPORT, AR US",0,306,206,43,616,2302,2918
USW00003978,10/10/2021,36.35,-94.21667,395,"BENTONVILLE MUNICIPAL AIRPORT, AR US",10,283,200,51,330,3240,3570
USW00003978,10/11/2021,36.35,-94.21667,395,"BENTONVILLE MUNICIPAL AIRPORT, AR US",13,222,106,52,486,3970,4456
USW00003978,10/12/2021,36.35,-94.21667,395,"BENTONVILLE MUNICIPAL AIRPORT, AR US",0,267,89,36,559,4267,4826
USW00003978,10/13/2021,36.35,-94.21667,395,"BENTONVILLE MUNICIPAL AIRPORT, AR US",323,233,178,40,639,4126,4765
USW00003978,10/14/2021,36.35,-94.21667,395,"BENTONVILLE MUNICIPAL AIRPORT, AR US",8,206,167,17,949,4036,4985
USW00003978,10/16/2021,36.35,-94.21667,395,"BENTONVILLE MUNICIPAL AIRPORT, AR US",0,189,50,16,2235,3174,5409
USW00003978,10/17/2021,36.35,-94.21667,395,"BENTONVILLE MUNICIPAL AIRPORT, AR US",0,217,50,17,2397,3114,5511
USW00003978,10/18/2021,36.35,-94.21667,395,"BENTONVILLE MUNICIPAL AIRPORT, AR US",0,222,67,24,1514,3603,5117
USW00003978,10/19/2021,36.35,-94.21667,395,"BENTONVILLE MUNICIPAL AIRPORT, AR US",0,239,94,36,667,3896,4563
USW00003978,10/20/2021,36.35,-94.21667,395,"BENTONVILLE MUNICIPAL AIRPORT, AR US",0,233,122,30,217,2199,2416
USW00003978,10/21/2021,36.35,-94.21667,395,"BENTONVILLE MUNICIPAL AIRPORT, AR US",0,183,72,19,290,2623,2913
USW00003978,10/22/2021,36.35,-94.21667,395,"BENTONVILLE MUNICIPAL AIRPORT, AR US",0,228,61,15,529,3115,3644
USW00003978,10/23/2021,36.35,-94.21667,395,"BENTONVILLE MUNICIPAL AIRPORT, AR US",0,244,150,38,1899,3318,5217
USW00003978,10/24/2021,36.35,-94.21667,395,"BENTONVILLE MUNICIPAL AIRPORT, AR US",0,256,128,53,1748,3293,5041
USW00003978,10/25/2021,36.35,-94.21667,395,"BENTONVILLE MUNICIPAL AIRPORT, AR US",0,183,94,26,713,3857,4570
USW00003978,10/26/2021,36.35,-94.21667,395,"BENTONVILLE MUNICIPAL AIRPORT, AR US",0,228,100,53,637,4111,
USW00003978,10/27/2021,36.35,-94.21667,395,"BENTONVILLE MUNICIPAL AIRPORT, AR US",157,183,111,34,254,2170,2424
USW00003978,10/28/2021,36.35,-94.21667,395,"BENTONVILLE MUNICIPAL AIRPORT, AR US",18,111,72,58,471,3724,4195
USW00003978,10/29/2021,36.35,-94.21667,395,"BENTONVILLE MUNICIPAL AIRPORT, AR US",5,100,72,41,676,3628,4304
USW00003978,10/30/2021,36.35,-94.21667,395,"BENTONVILLE MUNICIPAL AIRPORT, AR US",0,167,33,12,1499,2809,4308
USW00003978,10/31/2021,36.35,-94.21667,395,"BENTONVILLE MUNICIPAL AIRPORT, AR US",0,144,39,26,1619,2762,4381
USW00003978,11/1/2021,36.35,-94.21667,395,"BENTONVILLE MUNICIPAL AIRPORT, AR US",36,89,50,37,699,3488,4187
USW00003978,11/2/2021,36.35,-94.21667,395,"BENTONVILLE MUNICIPAL AIRPORT, AR US",43,72,39,30,695,3992,4687
USW00003978,11/3/2021,36.35,-94.21667,395,"BENTONVILLE MUNICIPAL AIRPORT, AR US",33,106,44,18,404,3490,3894
USW00003978,11/4/2021,36.35,-94.21667,395,"BENTONVILLE MUNICIPAL AIRPORT, AR US",0,133,11,6,240,2419,2659
USW00003978,11/5/2021,36.35,-94.21667,395,"BENTONVILLE MUNICIPAL AIRPORT, AR US",0,139,11,16,456,3291,3747
USW00003978,11/6/2021,36.35,-94.21667,395,"BENTONVILLE MUNICIPAL AIRPORT, AR US",0,161,6,18,57,570,627
USW00003978,11/7/2021,36.35,-94.21667,395,"BENTONVILLE MUNICIPAL AIRPORT, AR US",0,206,33,25,885,2446,3331
USW00003978,11/8/2021,36.35,-94.21667,395,"BENTONVILLE MUNICIPAL AIRPORT, AR US",0,222,72,32,362,3307,3669
USW00003978,11/10/2021,36.35,-94.21667,395,"BENTONVILLE MUNICIPAL AIRPORT, AR US",117,206,117,43,410,3658,4068
USW00003978,11/12/2021,36.35,-94.21667,395,"BENTONVILLE MUNICIPAL AIRPORT, AR US",46,94,6,46,370,3816,4186
USW00003978,11/13/2021,36.35,-94.21667,395,"BENTONVILLE MUNICIPAL AIRPORT, AR US",0,100,-21,25,318,3656,3974
USW00003978,11/14/2021,36.35,-94.21667,395,"BENTONVILLE MUNICIPAL AIRPORT, AR US",0,150,22,17,470,3576,4046
USW00003978,11/15/2021,36.35,-94.21667,395,"BENTONVILLE MUNICIPAL AIRPORT, AR US",0,194,28,29,1156,2770,3926
USW00003978,11/16/2021,36.35,-94.21667,395,"BENTONVILLE MUNICIPAL AIRPORT, AR US",0,239,78,48,952,2697,3649
USW00003978,11/17/2021,36.35,-94.21667,395,"BENTONVILLE MUNICIPAL AIRPORT, AR US",0,211,78,60,373,3662,4035
USW00003978,11/18/2021,36.35,-94.21667,395,"BENTONVILLE MUNICIPAL AIRPORT, AR US",0,111,-5,24,376,3829,4205
USW00003978,11/19/2021,36.35,-94.21667,395,"BENTONVILLE MUNICIPAL AIRPORT, AR US",0,122,-38,30,305,3804,4109
USW00003978,11/20/2021,36.35,-94.21667,395,"BENTONVILLE MUNICIPAL AIRPORT, AR US",0,161,44,30,190,2743,2933
USW00003978,11/21/2021,36.35,-94.21667,395,"BENTONVILLE MUNICIPAL AIRPORT, AR US",3,139,61,26,440,2928,3368
USW00003978,11/22/2021,36.35,-94.21667,395,"BENTONVILLE MUNICIPAL AIRPORT, AR US",0,133,0,15,1275,2792,4067
USW00003978,11/23/2021,36.35,-94.21667,395,"BENTONVILLE MUNICIPAL AIRPORT, AR US",0,178,17,41,1004,2713,3717
USW00003978,11/24/2021,36.35,-94.21667,395,"BENTONVILLE MUNICIPAL AIRPORT, AR US",5,178,94,60,595,3891,4486
USW00003978,11/25/2021,36.35,-94.21667,395,"BENTONVILLE MUNICIPAL AIRPORT, AR US",66,139,-16,40,449,3746,4195
USW00003978,11/26/2021,36.35,-94.21667,395,"BENTONVILLE MUNICIPAL AIRPORT, AR US",0,122,-43,30,145,1672,1817
USW00003978,11/27/2021,36.35,-94.21667,395,"BENTONVILLE MUNICIPAL AIRPORT, AR US",0,161,39,31,139,2914,3053
USW00003978,11/28/2021,36.35,-94.21667,395,"BENTONVILLE MUNICIPAL AIRPORT, AR US",0,139,17,20,245,3147,3392
USW00003978,11/29/2021,36.35,-94.21667,395,"BENTONVILLE MUNICIPAL AIRPORT, AR US",0,178,11,30,943,2720,3663
USW00003978,11/30/2021,36.35,-94.21667,395,"BENTONVILLE MUNICIPAL AIRPORT, AR US",0,217,39,18,787,2733,3520
USW00003978,12/1/2021,36.35,-94.21667,395,"BENTONVILLE MUNICIPAL AIRPORT, AR US",0,194,78,24,220,2545,2765
USW00003978,12/2/2021,36.35,-94.21667,395,"BENTONVILLE MUNICIPAL AIRPORT, AR US",0,233,61,26,69,1538,1607
USW00003978,12/3/2021,36.35,-94.21667,395,"BENTONVILLE MUNICIPAL AIRPORT, AR US",0,239,83,19,112,2454,2566
USW00003978,12/4/2021,36.35,-94.21667,395,"BENTONVILLE MUNICIPAL AIRPORT, AR US",0,161,106,40,560,935,1495
USW00003978,12/5/2021,36.35,-94.21667,395,"BENTONVILLE MUNICIPAL AIRPORT, AR US",127,211,89,59,1095,1697,2792
USW00003978,12/6/2021,36.35,-94.21667,395,"BENTONVILLE MUNICIPAL AIRPORT, AR US",20,89,-10,43,1249,1819,3068
USW00003978,12/7/2021,36.35,-94.21667,395,"BENTONVILLE MUNICIPAL AIRPORT, AR US",0,78,-10,31,810,2261,3071
USW00003978,12/8/2021,36.35,-94.21667,395,"BENTONVILLE MUNICIPAL AIRPORT, AR US",0,133,-27,20,253,3614,3867
USW00003978,12/9/2021,36.35,-94.21667,395,"BENTONVILLE MUNICIPAL AIRPORT, AR US",0,194,89,47,96,2818,2914
USW00003978,12/10/2021,36.35,-94.21667,395,"BENTONVILLE MUNICIPAL AIRPORT, AR US",5,222,56,59,188,3425,3613
USW00003978,12/11/2021,36.35,-94.21667,395,"BENTONVILLE MUNICIPAL AIRPORT, AR US",0,72,-10,41,182,3545,3727
USW00003978,12/12/2021,36.35,-94.21667,395,"BENTONVILLE MUNICIPAL AIRPORT, AR US",0,122,-32,34,268,3672,3940
USW00003978,12/13/2021,36.35,-94.21667,395,"BENTONVILLE MUNICIPAL AIRPORT, AR US",0,,28,36,706,2908,3614
USW00003978,12/14/2021,36.35,-94.21667,395,"BENTONVILLE MUNICIPAL AIRPORT, AR US",0,189,94,46,634,2851,3485
USW00003978,12/15/2021,36.35,-94.21667,395,"BENTONVILLE MUNICIPAL AIRPORT, AR US",0,233,189,81,233,3578,3811
USW00003978,12/16/2021,36.35,-94.21667,395,"BENTONVILLE MUNICIPAL AIRPORT, AR US",81,211,56,34,126,2468,2594
USW00003978,12/17/2021,36.35,-94.21667,395,"BENTONVILLE MUNICIPAL AIRPORT, AR US",823,144,78,27,50,655,705
USW00003978,12/18/2021,36.35,-94.21667,395,"BENTONVILLE MUNICIPAL AIRPORT, AR US",58,117,-5,47,150,3172,3322
USW00003978,12/19/2021,36.35,-94.21667,395,"BENTONVILLE MUNICIPAL AIRPORT, AR US",0,44,-21,16,261,3359,3620
USW00003978,12/20/2021,36.35,-94.21667,395,"BENTONVILLE MUNICIPAL AIRPORT, AR US",0,61,-38,20,502,2688,3190
USW00003978,12/21/2021,36.35,-94.21667,395,"BENTONVILLE MUNICIPAL AIRPORT, AR US",0,117,-27,19,377,2366,2743
USW00003978,12/22/2021,36.35,-94.21667,395,"BENTONVILLE MUNICIPAL AIRPORT, AR US",0,144,-32,23,143,3167,3310
USW00003978,12/23/2021,36.35,-94.21667,395,"BENTONVILLE MUNICIPAL AIRPORT, AR US",0,156,50,41,155,3368,3523
USW00003978,12/24/2021,36.35,-94.21667,395,"BENTONVILLE MUNICIPAL AIRPORT, AR US",0,222,144,73,178,3562,3740
USW00003978,12/25/2021,36.35,-94.21667,395,"BENTONVILLE MUNICIPAL AIRPORT, AR US",0,211,72,32,181,3528,3709
USW00003978,12/26/2021,36.35,-94.21667,395,"BENTONVILLE MUNICIPAL AIRPORT, AR US",0,244,67,42,178,3399,3577
USW00003978,12/27/2021,36.35,-94.21667,395,"BENTONVILLE MUNICIPAL AIRPORT, AR US",0,189,106,37,275,2464,2739
USW00003978,12/28/2021,36.35,-94.21667,395,"BENTONVILLE MUNICIPAL AIRPORT, AR US",66,194,72,38,220,2211,2431
USW00003978,12/29/2021,36.35,-94.21667,395,"BENTONVILLE MUNICIPAL AIRPORT, AR US",53,117,33,22,260,3143,3403
USW00003978,12/30/2021,36.35,-94.21667,395,"BENTONVILLE MUNICIPAL AIRPORT, AR US",0,161,39,34,216,3534,3750
USW00003978,12/31/2021,36.35,-94.21667,395,"BENTONVILLE MUNICIPAL AIRPORT, AR US",38,189,100,42,107,2553,2660
